subject_id,dataset,signal,sampling_rate,valid,n_samples,n_nan,n_inf,pct_nan,std,flat_signal,protocol
S2,WESAD,BVP,64.0,True,503943,0,0,0.0,82.68170919530688,False,
S2,WESAD,EDA,4.0,True,31494,0,0,0.0,0.4608214622302894,False,
S2,WESAD,TEMP,4.0,True,31496,0,0,0.0,4.046443362559809,False,
S2,WESAD,ACC,32.0,True,251970,0,0,0.0,26.27958030514605,False,
S3,WESAD,BVP,64.0,True,494307,0,0,0.0,31.685653299964155,False,
S3,WESAD,EDA,4.0,True,30894,0,0,0.0,1.8509251858077247,False,
S3,WESAD,TEMP,4.0,True,30888,0,0,0.0,4.091167456611678,False,
S3,WESAD,ACC,32.0,True,247152,0,0,0.0,25.06374188190634,False,
S4,WESAD,BVP,64.0,True,511962,0,0,0.0,73.75807986459898,False,
S4,WESAD,EDA,4.0,True,31998,0,0,0.0,0.6312327445182767,False,
S4,WESAD,TEMP,4.0,True,31992,0,0,0.0,3.953403399544385,False,
S4,WESAD,ACC,32.0,True,255978,0,0,0.0,27.56107698622637,False,
S5,WESAD,BVP,64.0,True,483241,0,0,0.0,123.59007272257627,False,
S5,WESAD,EDA,4.0,True,30204,0,0,0.0,0.9032138512860678,False,
S5,WESAD,TEMP,4.0,True,30200,0,0,0.0,4.445958332643188,False,
S5,WESAD,ACC,32.0,True,241620,0,0,0.0,24.452859417328472,False,
S6,WESAD,BVP,64.0,True,532708,0,0,0.0,56.493980835723875,False,
S6,WESAD,EDA,4.0,True,33294,0,0,0.0,2.436981204923185,False,
S6,WESAD,TEMP,4.0,True,33288,0,0,0.0,4.0640383753115845,False,
S6,WESAD,ACC,32.0,True,266352,0,0,0.0,24.54865698357817,False,
S7,WESAD,BVP,64.0,True,415646,0,0,0.0,36.26062682770098,False,
S7,WESAD,EDA,4.0,True,25974,0,0,0.0,1.157819394161114,False,
S7,WESAD,TEMP,4.0,True,25976,0,0,0.0,4.46598054045388,False,
S7,WESAD,ACC,32.0,True,207822,0,0,0.0,17.884586415294866,False,
S8,WESAD,BVP,64.0,True,424864,0,0,0.0,80.79498223275584,False,
S8,WESAD,EDA,4.0,True,26550,0,0,0.0,0.44049162114338636,False,
S8,WESAD,TEMP,4.0,True,26552,0,0,0.0,4.346318059354752,False,
S8,WESAD,ACC,32.0,True,212430,0,0,0.0,28.605134551103315,False,
S9,WESAD,BVP,64.0,True,398629,0,0,0.0,60.26816233119615,False,
S9,WESAD,EDA,4.0,True,24912,0,0,0.0,0.28729748811926786,False,
S9,WESAD,TEMP,4.0,True,24912,0,0,0.0,4.587032265330213,False,
S9,WESAD,ACC,32.0,True,199314,0,0,0.0,24.28345870665778,False,
S10,WESAD,BVP,64.0,True,436645,0,0,0.0,46.31999656040274,False,
S10,WESAD,EDA,4.0,True,27288,0,0,0.0,0.7361433637466825,False,
S10,WESAD,TEMP,4.0,True,27288,0,0,0.0,4.382702785543024,False,
S10,WESAD,ACC,32.0,True,218328,0,0,0.0,25.154503100202632,False,
S11,WESAD,BVP,64.0,True,413468,0,0,0.0,42.198736516857444,False,
S11,WESAD,EDA,4.0,True,25842,0,0,0.0,1.536061029095208,False,
S11,WESAD,TEMP,4.0,True,25840,0,0,0.0,4.4995507573744895,False,
S11,WESAD,ACC,32.0,True,206736,0,0,0.0,29.02029020167981,False,
S13,WESAD,BVP,64.0,True,439208,0,0,0.0,88.19888014832047,False,
S13,WESAD,EDA,4.0,True,27450,0,0,0.0,3.4264853475471524,False,
S13,WESAD,TEMP,4.0,True,27448,0,0,0.0,4.2464386373293985,False,
S13,WESAD,ACC,32.0,True,219606,0,0,0.0,25.443501681700866,False,
S14,WESAD,BVP,64.0,True,447128,0,0,0.0,46.398697065595705,False,
S14,WESAD,EDA,4.0,True,27942,0,0,0.0,0.04591914944274086,False,
S14,WESAD,TEMP,4.0,True,27944,0,0,0.0,4.214082820992854,False,
S14,WESAD,ACC,32.0,True,223560,0,0,0.0,26.8200807823882,False,
S15,WESAD,BVP,64.0,True,425139,0,0,0.0,64.84591918387636,False,
S15,WESAD,EDA,4.0,True,26568,0,0,0.0,0.3565496176134823,False,
S15,WESAD,TEMP,4.0,True,26568,0,0,0.0,4.333435958324705,False,
S15,WESAD,ACC,32.0,True,212568,0,0,0.0,23.53483402883951,False,
S16,WESAD,BVP,64.0,True,454850,0,0,0.0,30.3336077706237,False,
S16,WESAD,EDA,4.0,True,28428,0,0,0.0,0.5343811635099015,False,
S16,WESAD,TEMP,4.0,True,28424,0,0,0.0,4.2589872251499905,False,
S16,WESAD,ACC,32.0,True,227430,0,0,0.0,24.9349945521995,False,
S17,WESAD,BVP,64.0,True,462825,0,0,0.0,53.14814830410192,False,
S17,WESAD,EDA,4.0,True,28926,0,0,0.0,1.487271076509729,False,
S17,WESAD,TEMP,4.0,True,28920,0,0,0.0,4.148328175232469,False,
S17,WESAD,ACC,32.0,True,231414,0,0,0.0,25.477538943691968,False,
1,EPM-E4,BVP,64.0,True,96151,0,0,0.0,27.140828608351327,False,
1,EPM-E4,EDA,4.0,True,6006,0,0,0.0,0.24232193451310985,False,
1,EPM-E4,TEMP,4.0,True,6008,0,0,0.0,0.5349074138945715,False,
1,EPM-E4,ACC,32.0,True,48072,0,0,0.0,13.859639175146214,False,
2,EPM-E4,BVP,64.0,True,91674,0,0,0.0,63.49264797602796,False,
2,EPM-E4,EDA,4.0,True,5730,0,0,0.0,0.07887231850378186,False,
2,EPM-E4,TEMP,4.0,True,5728,0,0,0.0,9.124165214893289e-12,True,
2,EPM-E4,ACC,32.0,True,45834,0,0,0.0,12.745566546944525,False,
4,EPM-E4,BVP,64.0,True,103026,0,0,0.0,50.759195464306735,False,
4,EPM-E4,EDA,4.0,True,6438,0,0,0.0,0.13093140762803016,False,
4,EPM-E4,TEMP,4.0,True,6432,0,0,0.0,0.22490970231396157,False,
4,EPM-E4,ACC,32.0,True,51510,0,0,0.0,17.85043648410972,False,
12,EPM-E4,BVP,64.0,True,118030,0,0,0.0,113.9883142143047,False,
12,EPM-E4,EDA,4.0,True,7374,0,0,0.0,0.3116739879973191,False,
12,EPM-E4,TEMP,4.0,True,7376,0,0,0.0,101.77744909688808,False,
12,EPM-E4,ACC,32.0,True,59016,0,0,0.0,10.848085096426255,False,
14,EPM-E4,BVP,64.0,True,92312,0,0,0.0,49.60670131802948,False,
14,EPM-E4,EDA,4.0,True,5766,0,0,0.0,1.0417365152528744,False,
14,EPM-E4,TEMP,4.0,True,5768,0,0,0.0,0.27698677666349897,False,
14,EPM-E4,ACC,32.0,True,46158,0,0,0.0,12.059382318868293,False,
15,EPM-E4,BVP,64.0,True,97900,0,0,0.0,46.03768301522446,False,
15,EPM-E4,EDA,4.0,True,6120,0,0,0.0,0.4251831729866751,False,
15,EPM-E4,TEMP,4.0,True,6120,0,0,0.0,1.4496256192545933e-11,True,
15,EPM-E4,ACC,32.0,True,48948,0,0,0.0,9.093377046614535,False,
16,EPM-E4,BVP,64.0,True,93918,0,0,0.0,62.88360778140559,False,
16,EPM-E4,EDA,4.0,True,5868,0,0,0.0,0.1535410884943362,False,
16,EPM-E4,TEMP,4.0,True,5864,0,0,0.0,0.2770239554078596,False,
16,EPM-E4,ACC,32.0,True,46956,0,0,0.0,17.82944535585945,False,
24,EPM-E4,BVP,64.0,True,107338,0,0,0.0,59.831133314231494,False,
24,EPM-E4,EDA,4.0,True,6708,0,0,0.0,1.7706199015352877,False,
24,EPM-E4,TEMP,4.0,True,6704,0,0,0.0,0.45484324638304974,False,
24,EPM-E4,ACC,32.0,True,53664,0,0,0.0,6.482456465290684,False,
25,EPM-E4,BVP,64.0,True,121550,0,0,0.0,39.06293576564791,False,
25,EPM-E4,EDA,4.0,True,7596,0,0,0.0,0.12711568423580955,False,
25,EPM-E4,TEMP,4.0,True,7592,0,0,0.0,0.43124050328572916,False,
25,EPM-E4,ACC,32.0,True,60774,0,0,0.0,11.096359759929621,False,
34,EPM-E4,BVP,64.0,True,102861,0,0,0.0,36.6479073542973,False,
34,EPM-E4,EDA,4.0,True,6426,0,0,0.0,1.7253414322299265,False,
34,EPM-E4,TEMP,4.0,True,6424,0,0,0.0,0.2806624047599447,False,
34,EPM-E4,ACC,32.0,True,51432,0,0,0.0,9.861242052275493,False,
35,EPM-E4,BVP,64.0,True,130009,0,0,0.0,32.63411114912814,False,
35,EPM-E4,EDA,4.0,True,8124,0,0,0.0,3.781533054944724,False,
35,EPM-E4,TEMP,4.0,True,8120,0,0,0.0,0.6365357130912582,False,
35,EPM-E4,ACC,32.0,True,65010,0,0,0.0,22.896362539125438,False,
36,EPM-E4,BVP,64.0,True,93115,0,0,0.0,30.39212982740069,False,
36,EPM-E4,EDA,4.0,True,5820,0,0,0.0,0.7026934763550855,False,
36,EPM-E4,TEMP,4.0,True,5816,0,0,0.0,7.772871241406665,False,
36,EPM-E4,ACC,32.0,True,46554,0,0,0.0,8.334397019339095,False,
39,EPM-E4,BVP,64.0,True,122661,0,0,0.0,90.18366340220419,False,
39,EPM-E4,EDA,4.0,True,7668,0,0,0.0,0.06458996744138518,False,
39,EPM-E4,TEMP,4.0,True,7664,0,0,0.0,52.66024518762244,False,
39,EPM-E4,ACC,32.0,True,61332,0,0,0.0,21.260032461730706,False,
40,EPM-E4,BVP,64.0,True,96305,0,0,0.0,26.33404574367587,False,
40,EPM-E4,EDA,4.0,True,6018,0,0,0.0,0.09274540129078601,False,
40,EPM-E4,TEMP,4.0,True,6016,0,0,0.0,0.5947867561252659,False,
40,EPM-E4,ACC,32.0,True,48156,0,0,0.0,13.814316485826831,False,
45,EPM-E4,BVP,64.0,True,100782,0,0,0.0,29.577776563401464,False,
45,EPM-E4,EDA,4.0,True,6300,0,0,0.0,0.6495764996939151,False,
45,EPM-E4,TEMP,4.0,True,6296,0,0,0.0,0.8039709617143033,False,
45,EPM-E4,ACC,32.0,True,50388,0,0,0.0,8.857252730061159,False,
47,EPM-E4,BVP,64.0,True,108130,0,0,0.0,52.680901097482526,False,
47,EPM-E4,EDA,4.0,True,6756,0,0,0.0,4.71255284644494,False,
47,EPM-E4,TEMP,4.0,True,6752,0,0,0.0,0.1641662202048519,False,
47,EPM-E4,ACC,32.0,True,54066,0,0,0.0,2.679586473809889,False,
49,EPM-E4,BVP,64.0,True,97427,0,0,0.0,29.334944477535178,False,
49,EPM-E4,EDA,4.0,True,6090,0,0,0.0,1.2419198177046165,False,
49,EPM-E4,TEMP,4.0,True,6088,0,0,0.0,0.1306817247886394,False,
49,EPM-E4,ACC,32.0,True,48714,0,0,0.0,12.464426775753202,False,
55,EPM-E4,BVP,64.0,True,98857,0,0,0.0,28.657392463702102,False,
55,EPM-E4,EDA,4.0,True,6180,0,0,0.0,2.947152529204925,False,
55,EPM-E4,TEMP,4.0,True,6176,0,0,0.0,0.4047871680047956,False,
55,EPM-E4,ACC,32.0,True,49434,0,0,0.0,10.40612396214567,False,
56,EPM-E4,BVP,64.0,True,99825,0,0,0.0,36.41748233862657,False,
56,EPM-E4,EDA,4.0,True,6240,0,0,0.0,0.4353667646283271,False,
56,EPM-E4,TEMP,4.0,True,6240,0,0,0.0,0.4335064457342995,False,
56,EPM-E4,ACC,32.0,True,49908,0,0,0.0,13.126465519352735,False,
61,EPM-E4,BVP,64.0,True,97262,0,0,0.0,35.300924327489874,False,
61,EPM-E4,EDA,4.0,True,6078,0,0,0.0,3.7906857760950654,False,
61,EPM-E4,TEMP,4.0,True,6080,0,0,0.0,93.87961956329171,False,
61,EPM-E4,ACC,32.0,True,48630,0,0,0.0,15.560308358330431,False,
66,EPM-E4,BVP,64.0,True,97427,0,0,0.0,46.1478756963971,False,
66,EPM-E4,EDA,4.0,True,6090,0,0,0.0,1.3798113533631378,False,
66,EPM-E4,TEMP,4.0,True,6088,0,0,0.0,0.126397933966536,False,
66,EPM-E4,ACC,32.0,True,48708,0,0,0.0,21.763360050325897,False,
68,EPM-E4,BVP,64.0,True,99979,0,0,0.0,40.204091873071356,False,
68,EPM-E4,EDA,4.0,True,6246,0,0,0.0,0.059513971834886034,False,
68,EPM-E4,TEMP,4.0,True,6248,0,0,0.0,0.34371377165229267,False,
68,EPM-E4,ACC,32.0,True,49992,0,0,0.0,2.530491861910553,False,
72,EPM-E4,BVP,64.0,True,133518,0,0,0.0,38.93358109582099,False,
72,EPM-E4,EDA,4.0,True,8346,0,0,0.0,3.9265991895122725,False,
72,EPM-E4,TEMP,4.0,True,8344,0,0,0.0,0.26086773173313077,False,
72,EPM-E4,ACC,32.0,True,66762,0,0,0.0,14.219987485566195,False,
76,EPM-E4,BVP,64.0,True,108603,0,0,0.0,57.49883851943166,False,
76,EPM-E4,EDA,4.0,True,6786,0,0,0.0,0.46545162999501405,False,
76,EPM-E4,TEMP,4.0,True,6784,0,0,0.0,0.26883232676126967,False,
76,EPM-E4,ACC,32.0,True,54306,0,0,0.0,14.493056588047324,False,
77,EPM-E4,BVP,64.0,True,105094,0,0,0.0,53.678082133899366,False,
77,EPM-E4,EDA,4.0,True,6564,0,0,0.0,3.4620781141018697,False,
77,EPM-E4,TEMP,4.0,True,6568,0,0,0.0,0.28879153813536523,False,
77,EPM-E4,ACC,32.0,True,52548,0,0,0.0,6.837189814283289,False,
78,EPM-E4,BVP,64.0,True,137357,0,0,0.0,47.542840045234584,False,
78,EPM-E4,EDA,4.0,True,8586,0,0,0.0,0.21394028931065112,False,
78,EPM-E4,TEMP,4.0,True,8584,0,0,0.0,0.30379721812369126,False,
78,EPM-E4,ACC,32.0,True,68676,0,0,0.0,16.429523464903564,False,
79,EPM-E4,BVP,64.0,True,104940,0,0,0.0,45.01106581108954,False,
79,EPM-E4,EDA,4.0,True,6558,0,0,0.0,3.782993972880312,False,
79,EPM-E4,TEMP,4.0,True,6552,0,0,0.0,0.21081332132017344,False,
79,EPM-E4,ACC,32.0,True,52470,0,0,0.0,8.427852085264297,False,
81,EPM-E4,BVP,64.0,True,89287,0,0,0.0,39.20255451438914,False,
81,EPM-E4,EDA,4.0,True,5580,0,0,0.0,0.006666960160211533,False,
81,EPM-E4,TEMP,4.0,True,5576,0,0,0.0,27.181178348547245,False,
81,EPM-E4,ACC,32.0,True,44640,0,0,0.0,3.914031662090805,False,
86,EPM-E4,BVP,64.0,True,98230,0,0,0.0,42.30050714952674,False,
86,EPM-E4,EDA,4.0,True,6138,0,0,0.0,2.154081230031379,False,
86,EPM-E4,TEMP,4.0,True,6136,0,0,0.0,0.45921256742252337,False,
86,EPM-E4,ACC,32.0,True,49110,0,0,0.0,15.769863449731398,False,
91,EPM-E4,BVP,64.0,True,102531,0,0,0.0,53.27750688230489,False,
91,EPM-E4,EDA,4.0,True,6408,0,0,0.0,1.623420941232283,False,
91,EPM-E4,TEMP,4.0,True,6408,0,0,0.0,0.06737712470423586,False,
91,EPM-E4,ACC,32.0,True,51270,0,0,0.0,20.605973405987047,False,
92,EPM-E4,BVP,64.0,True,102058,0,0,0.0,52.34490120769278,False,
92,EPM-E4,EDA,4.0,True,6378,0,0,0.0,3.101362467359148,False,
92,EPM-E4,TEMP,4.0,True,6376,0,0,0.0,16.149685367159737,False,
92,EPM-E4,ACC,32.0,True,51030,0,0,0.0,8.83512933746628,False,
103,EPM-E4,BVP,64.0,True,99033,0,0,0.0,28.916976739072812,False,
103,EPM-E4,EDA,4.0,True,6186,0,0,0.0,0.8544144671580328,False,
103,EPM-E4,TEMP,4.0,True,6184,0,0,0.0,0.13369869841609805,False,
103,EPM-E4,ACC,32.0,True,49512,0,0,0.0,13.493481760569821,False,
106,EPM-E4,BVP,64.0,True,141185,0,0,0.0,55.187083869664164,False,
106,EPM-E4,EDA,4.0,True,8826,0,0,0.0,2.508444592749526,False,
106,EPM-E4,TEMP,4.0,True,8824,0,0,0.0,0.20102498626769447,False,
106,EPM-E4,ACC,32.0,True,70596,0,0,0.0,15.55464732587618,False,
107,EPM-E4,BVP,64.0,True,116589,0,0,0.0,50.12584691216546,False,
107,EPM-E4,EDA,4.0,True,7284,0,0,0.0,0.5722207179690152,False,
107,EPM-E4,TEMP,4.0,True,7288,0,0,0.0,11.640892090890365,False,
107,EPM-E4,ACC,32.0,True,58296,0,0,0.0,11.066591411401772,False,
117,EPM-E4,BVP,64.0,True,95194,0,0,0.0,86.23513733522556,False,
117,EPM-E4,EDA,4.0,True,5946,0,0,0.0,0.6710462956506515,False,
117,EPM-E4,TEMP,4.0,True,5944,0,0,0.0,0.0679691681896952,False,
117,EPM-E4,ACC,32.0,True,47598,0,0,0.0,3.722405528535217,False,
121,EPM-E4,BVP,64.0,True,103169,0,0,0.0,28.875722318583215,False,
121,EPM-E4,EDA,4.0,True,6450,0,0,0.0,1.3674471030984268,False,
121,EPM-E4,TEMP,4.0,True,6448,0,0,0.0,13.946896442692232,False,
121,EPM-E4,ACC,32.0,True,51588,0,0,0.0,11.211211791110026,False,
122,EPM-E4,BVP,64.0,True,95029,0,0,0.0,60.07481565691734,False,
122,EPM-E4,EDA,4.0,True,5940,0,0,0.0,0.054834478919746237,False,
122,EPM-E4,TEMP,4.0,True,5936,0,0,0.0,0.2134815680715962,False,
122,EPM-E4,ACC,32.0,True,47514,0,0,0.0,6.5610351477862805,False,
124,EPM-E4,BVP,64.0,True,96470,0,0,0.0,52.40235696021975,False,
124,EPM-E4,EDA,4.0,True,6030,0,0,0.0,6.746657521769139,False,
124,EPM-E4,TEMP,4.0,True,6024,0,0,0.0,7.463065924526111,False,
124,EPM-E4,ACC,32.0,True,48234,0,0,0.0,13.955264612366866,False,
126,EPM-E4,BVP,64.0,True,121066,0,0,0.0,56.627134827584094,False,
126,EPM-E4,EDA,4.0,True,7566,0,0,0.0,2.5941456639496305,False,
126,EPM-E4,TEMP,4.0,True,7568,0,0,0.0,0.20675646276337561,False,
126,EPM-E4,ACC,32.0,True,60534,0,0,0.0,9.034314465354415,False,
128,EPM-E4,BVP,64.0,True,108284,0,0,0.0,28.270513139069454,False,
128,EPM-E4,EDA,4.0,True,6768,0,0,0.0,7.825647130972355,False,
128,EPM-E4,TEMP,4.0,True,6768,0,0,0.0,0.3078027396497937,False,
128,EPM-E4,ACC,32.0,True,54138,0,0,0.0,10.633663559654337,False,
129,EPM-E4,BVP,64.0,True,126819,0,0,0.0,37.99256040537751,False,
129,EPM-E4,EDA,4.0,True,7926,0,0,0.0,0.7113815688496682,False,
129,EPM-E4,TEMP,4.0,True,7920,0,0,0.0,0.33774436926740675,False,
129,EPM-E4,ACC,32.0,True,63408,0,0,0.0,8.386636228296267,False,
131,EPM-E4,BVP,64.0,True,110836,0,0,0.0,39.95997048194489,False,
131,EPM-E4,EDA,4.0,True,6924,0,0,0.0,1.247413309817213,False,
131,EPM-E4,TEMP,4.0,True,6928,0,0,0.0,0.1873076728772577,False,
131,EPM-E4,ACC,32.0,True,55422,0,0,0.0,12.462753104658203,False,
137,EPM-E4,BVP,64.0,True,95667,0,0,0.0,34.836054309086926,False,
137,EPM-E4,EDA,4.0,True,5976,0,0,0.0,1.0631164449941952,False,
137,EPM-E4,TEMP,4.0,True,5976,0,0,0.0,0.25686392637912675,False,
137,EPM-E4,ACC,32.0,True,47838,0,0,0.0,17.251727174968202,False,
138,EPM-E4,BVP,64.0,True,105094,0,0,0.0,35.34914337774147,False,
138,EPM-E4,EDA,4.0,True,6564,0,0,0.0,0.35687399229028505,False,
138,EPM-E4,TEMP,4.0,True,6568,0,0,0.0,0.2361949235192497,False,
138,EPM-E4,ACC,32.0,True,52548,0,0,0.0,16.261424512856056,False,
141,EPM-E4,BVP,64.0,True,97108,0,0,0.0,29.45267049081796,False,
141,EPM-E4,EDA,4.0,True,6066,0,0,0.0,1.4368666446004437,False,
141,EPM-E4,TEMP,4.0,True,6064,0,0,0.0,0.5266617186116744,False,
141,EPM-E4,ACC,32.0,True,48558,0,0,0.0,10.549992449325096,False,
159,EPM-E4,BVP,64.0,True,92950,0,0,0.0,40.72715458261446,False,
159,EPM-E4,EDA,4.0,True,5808,0,0,0.0,7.057165308409667,False,
159,EPM-E4,TEMP,4.0,True,5808,0,0,0.0,0.32153947753299206,False,
159,EPM-E4,ACC,32.0,True,46476,0,0,0.0,20.209418177407425,False,
160,EPM-E4,BVP,64.0,True,105094,0,0,0.0,57.68635593876092,False,
160,EPM-E4,EDA,4.0,True,6564,0,0,0.0,0.10738722404903014,False,
160,EPM-E4,TEMP,4.0,True,6568,0,0,0.0,0.296543649960394,False,
160,EPM-E4,ACC,32.0,True,52548,0,0,0.0,3.4741928640369815,False,
f09,PhysioNet,BVP,64.0,True,206987,0,0,0.0,49.65844212854335,False,STRESS
f09,PhysioNet,EDA,4.0,True,12930,0,0,0.0,0.04667845898909533,False,STRESS
f09,PhysioNet,TEMP,4.0,True,12928,0,0,0.0,0.666564252647818,False,STRESS
f09,PhysioNet,ACC,32.0,True,103470,0,0,0.0,13.86381738122702,False,STRESS
f08,PhysioNet,BVP,64.0,True,203632,0,0,0.0,53.063801114275755,False,STRESS
f08,PhysioNet,EDA,4.0,True,12726,0,0,0.0,0.44570315932745325,False,STRESS
f08,PhysioNet,TEMP,4.0,True,12720,0,0,0.0,0.8648353740268692,False,STRESS
f08,PhysioNet,ACC,32.0,True,101784,0,0,0.0,11.689270028516432,False,STRESS
f05,PhysioNet,BVP,64.0,True,293920,0,0,0.0,19.337795856275974,False,STRESS
f05,PhysioNet,EDA,4.0,True,18372,0,0,0.0,0.2968416743600352,False,STRESS
f05,PhysioNet,TEMP,4.0,True,18392,0,0,0.0,0.9387413828045532,False,STRESS
f05,PhysioNet,ACC,32.0,True,146958,0,0,0.0,8.982587093501493,False,STRESS
f14_b,PhysioNet,BVP,64.0,True,138765,0,0,0.0,66.42588238608504,False,STRESS
f14_b,PhysioNet,EDA,4.0,True,8682,0,0,0.0,2.40118522288324,False,STRESS
f14_b,PhysioNet,TEMP,4.0,True,8672,0,0,0.0,0.22573368559206322,False,STRESS
f14_b,PhysioNet,ACC,32.0,True,69402,0,0,0.0,24.956690314316393,False,STRESS
f17,PhysioNet,BVP,64.0,True,220253,0,0,0.0,43.25298299639927,False,STRESS
f17,PhysioNet,EDA,4.0,True,13758,0,0,0.0,0.05882933459809502,False,STRESS
f17,PhysioNet,TEMP,4.0,True,13768,0,0,0.0,0.25506811933701057,False,STRESS
f17,PhysioNet,ACC,32.0,True,110142,0,0,0.0,27.578428862857606,False,STRESS
f18,PhysioNet,BVP,64.0,True,201080,0,0,0.0,49.12182637566353,False,STRESS
f18,PhysioNet,EDA,4.0,True,12552,0,0,0.0,0.0764093668167301,False,STRESS
f18,PhysioNet,TEMP,4.0,True,12560,0,0,0.0,0.9413784167044456,False,STRESS
f18,PhysioNet,ACC,32.0,True,100524,0,0,0.0,13.087868853973033,False,STRESS
f04,PhysioNet,BVP,64.0,True,233387,0,0,0.0,58.765785977364295,False,STRESS
f04,PhysioNet,EDA,4.0,True,14592,0,0,0.0,0.024734736809588827,False,STRESS
f04,PhysioNet,TEMP,4.0,True,14584,0,0,0.0,0.4591168645186926,False,STRESS
f04,PhysioNet,ACC,32.0,True,116700,0,0,0.0,21.59481570054592,False,STRESS
S10,PhysioNet,BVP,64.0,True,106128,0,0,0.0,56.38269179672128,False,STRESS
S10,PhysioNet,EDA,4.0,True,6630,0,0,0.0,4.1371442750553085,False,STRESS
S10,PhysioNet,TEMP,4.0,True,6632,0,0,0.0,0.5987957338640651,False,STRESS
S10,PhysioNet,ACC,32.0,True,53064,0,0,0.0,10.849711062624031,False,STRESS
f06,PhysioNet,BVP,64.0,True,203126,0,0,0.0,41.69395089458452,False,STRESS
f06,PhysioNet,EDA,4.0,True,12690,0,0,0.0,0.49218798315492995,False,STRESS
f06,PhysioNet,TEMP,4.0,True,12688,0,0,0.0,0.3587957661095854,False,STRESS
f06,PhysioNet,ACC,32.0,True,101508,0,0,0.0,19.420144821985662,False,STRESS
S12,PhysioNet,BVP,64.0,True,102619,0,0,0.0,35.46592224759309,False,STRESS
S12,PhysioNet,EDA,4.0,True,6414,0,0,0.0,2.1915060592320303,False,STRESS
S12,PhysioNet,TEMP,4.0,True,6408,0,0,0.0,0.37144316447719844,False,STRESS
S12,PhysioNet,ACC,32.0,True,51306,0,0,0.0,11.908660261633187,False,STRESS
f13,PhysioNet,BVP,64.0,True,247181,0,0,0.0,96.91779683365593,False,STRESS
f13,PhysioNet,EDA,4.0,True,15462,0,0,0.0,0.12258177972363973,False,STRESS
f13,PhysioNet,TEMP,4.0,True,15440,0,0,0.0,0.6628238502874948,False,STRESS
f13,PhysioNet,ACC,32.0,True,123558,0,0,0.0,23.786938668748686,False,STRESS
S09,PhysioNet,BVP,64.0,True,92708,0,0,0.0,33.700414922345175,False,STRESS
S09,PhysioNet,EDA,4.0,True,5790,0,0,0.0,0.055637959805648216,False,STRESS
S09,PhysioNet,TEMP,4.0,True,5792,0,0,0.0,0.1243458540845676,False,STRESS
S09,PhysioNet,ACC,32.0,True,46356,0,0,0.0,6.234129181130798,False,STRESS
f07,PhysioNet,BVP,64.0,True,221342,0,0,0.0,11.50436949232896,False,STRESS
f07,PhysioNet,EDA,4.0,True,13824,0,0,0.0,0.02783886030509168,False,STRESS
f07,PhysioNet,TEMP,4.0,True,13824,0,0,0.0,0.8551135939329867,False,STRESS
f07,PhysioNet,ACC,32.0,True,110652,0,0,0.0,3.6117116006356285,False,STRESS
S02,PhysioNet,BVP,64.0,True,198176,0,0,0.0,46.29048534861576,False,STRESS
S02,PhysioNet,EDA,4.0,True,12384,0,0,0.0,0.35639602831841727,False,STRESS
S02,PhysioNet,TEMP,4.0,True,12384,0,0,0.0,0.31356325484100506,False,STRESS
S02,PhysioNet,ACC,32.0,True,99084,0,0,0.0,11.854609267050321,False,STRESS
f16,PhysioNet,BVP,64.0,True,207361,0,0,0.0,54.396609094325775,False,STRESS
f16,PhysioNet,EDA,4.0,True,12954,0,0,0.0,0.6279944700483924,False,STRESS
f16,PhysioNet,TEMP,4.0,True,12944,0,0,0.0,0.3310597556557798,False,STRESS
f16,PhysioNet,ACC,32.0,True,103686,0,0,0.0,22.080216581195895,False,STRESS
S06,PhysioNet,BVP,64.0,True,92400,0,0,0.0,50.83888142574411,False,STRESS
S06,PhysioNet,EDA,4.0,True,5772,0,0,0.0,2.1379296277233357,False,STRESS
S06,PhysioNet,TEMP,4.0,True,5776,0,0,0.0,0.10736163627436071,False,STRESS
S06,PhysioNet,ACC,32.0,True,46200,0,0,0.0,11.908641760378659,False,STRESS
S01,PhysioNet,BVP,64.0,True,142351,0,0,0.0,59.57746296900925,False,STRESS
S01,PhysioNet,EDA,4.0,True,8898,0,0,0.0,0.143068146072744,False,STRESS
S01,PhysioNet,TEMP,4.0,True,8896,0,0,0.0,0.44069858782160987,False,STRESS
S01,PhysioNet,ACC,32.0,True,71178,0,0,0.0,18.350476254882153,False,STRESS
S18,PhysioNet,BVP,64.0,True,104368,0,0,0.0,30.08622012669402,False,STRESS
S18,PhysioNet,EDA,4.0,True,6522,0,0,0.0,2.4169106496286497,False,STRESS
S18,PhysioNet,TEMP,4.0,True,6520,0,0,0.0,0.552874881578907,False,STRESS
S18,PhysioNet,ACC,32.0,True,52188,0,0,0.0,11.312627483845096,False,STRESS
S03,PhysioNet,BVP,64.0,True,101486,0,0,0.0,76.59970289794907,False,STRESS
S03,PhysioNet,EDA,4.0,True,6342,0,0,0.0,2.0438399143077253,False,STRESS
S03,PhysioNet,TEMP,4.0,True,6344,0,0,0.0,0.37841537177821893,False,STRESS
S03,PhysioNet,ACC,32.0,True,50748,0,0,0.0,7.9665351576064225,False,STRESS
f03,PhysioNet,BVP,64.0,True,230142,0,0,0.0,125.41457359129004,False,STRESS
f03,PhysioNet,EDA,4.0,True,14388,0,0,0.0,1.3952052406042355,False,STRESS
f03,PhysioNet,TEMP,4.0,True,14376,0,0,0.0,0.49948688543958686,False,STRESS
f03,PhysioNet,ACC,32.0,True,115062,0,0,0.0,18.61337717531644,False,STRESS
f14_a,PhysioNet,BVP,64.0,True,45034,0,0,0.0,46.27355766035468,False,STRESS
f14_a,PhysioNet,EDA,4.0,True,2814,0,0,0.0,0.4216781197932731,False,STRESS
f14_a,PhysioNet,TEMP,4.0,True,2816,0,0,0.0,0.21522978231616774,False,STRESS
f14_a,PhysioNet,ACC,32.0,True,22518,0,0,0.0,26.781627579233085,False,STRESS
f11,PhysioNet,BVP,64.0,True,199914,0,0,0.0,82.07057654833322,False,STRESS
f11,PhysioNet,EDA,4.0,True,12486,0,0,0.0,9.609139889321304,False,STRESS
f11,PhysioNet,TEMP,4.0,True,12488,0,0,0.0,0.4409885699355831,False,STRESS
f11,PhysioNet,ACC,32.0,True,99924,0,0,0.0,9.48248313589503,False,STRESS
S13,PhysioNet,BVP,64.0,True,103895,0,0,0.0,81.5718139337193,False,STRESS
S13,PhysioNet,EDA,4.0,True,6492,0,0,0.0,0.5138957417124579,False,STRESS
S13,PhysioNet,TEMP,4.0,True,6488,0,0,0.0,0.5309320005132161,False,STRESS
S13,PhysioNet,ACC,32.0,True,51948,0,0,0.0,10.627453513436185,False,STRESS
f12,PhysioNet,BVP,64.0,True,307791,0,0,0.0,26.12349032550007,False,STRESS
f12,PhysioNet,EDA,4.0,True,19236,0,0,0.0,0.08230287301331858,False,STRESS
f12,PhysioNet,TEMP,4.0,True,19232,0,0,0.0,0.3625743237067716,False,STRESS
f12,PhysioNet,ACC,32.0,True,153852,0,0,0.0,11.434017887687546,False,STRESS
f10,PhysioNet,BVP,64.0,True,174933,0,0,0.0,58.59129798341691,False,STRESS
f10,PhysioNet,EDA,4.0,True,10938,0,0,0.0,1.2298746704402153,False,STRESS
f10,PhysioNet,TEMP,4.0,True,10920,0,0,0.0,1.0627097885477308,False,STRESS
f10,PhysioNet,ACC,32.0,True,87432,0,0,0.0,5.501652478580707,False,STRESS
S17,PhysioNet,BVP,64.0,True,103092,0,0,0.0,39.08184478063537,False,STRESS
S17,PhysioNet,EDA,4.0,True,6444,0,0,0.0,3.0308613448007913,False,STRESS
S17,PhysioNet,TEMP,4.0,True,6440,0,0,0.0,0.8480945403488267,False,STRESS
S17,PhysioNet,ACC,32.0,True,51546,0,0,0.0,12.884811738160295,False,STRESS
S04,PhysioNet,BVP,64.0,True,110924,0,0,0.0,32.39155355032005,False,STRESS
S04,PhysioNet,EDA,4.0,True,6930,0,0,0.0,0.5945250501391198,False,STRESS
S04,PhysioNet,TEMP,4.0,True,6928,0,0,0.0,0.2153322809107231,False,STRESS
S04,PhysioNet,ACC,32.0,True,55458,0,0,0.0,9.520699730210294,False,STRESS
S16,PhysioNet,BVP,64.0,True,106447,0,0,0.0,45.25055014109291,False,STRESS
S16,PhysioNet,EDA,4.0,True,6654,0,0,0.0,0.918315184184053,False,STRESS
S16,PhysioNet,TEMP,4.0,True,6648,0,0,0.0,0.26740161730146533,False,STRESS
S16,PhysioNet,ACC,32.0,True,53226,0,0,0.0,10.579203304218728,False,STRESS
S05,PhysioNet,BVP,64.0,True,101178,0,0,0.0,75.44296945752477,False,STRESS
S05,PhysioNet,EDA,4.0,True,6324,0,0,0.0,3.822515795779315,False,STRESS
S05,PhysioNet,TEMP,4.0,True,6320,0,0,0.0,0.18118170349643478,False,STRESS
S05,PhysioNet,ACC,32.0,True,50592,0,0,0.0,19.516494403904314,False,STRESS
S14,PhysioNet,BVP,64.0,True,107888,0,0,0.0,28.970356427357324,False,STRESS
S14,PhysioNet,EDA,4.0,True,6744,0,0,0.0,1.0754497890072168,False,STRESS
S14,PhysioNet,TEMP,4.0,True,6736,0,0,0.0,0.41194009822478744,False,STRESS
S14,PhysioNet,ACC,32.0,True,53940,0,0,0.0,19.35555044567519,False,STRESS
f02,PhysioNet,BVP,64.0,True,190520,0,0,0.0,50.46879509691073,False,STRESS
f02,PhysioNet,EDA,4.0,True,11904,0,0,0.0,1.0337788772984198,False,STRESS
f02,PhysioNet,TEMP,4.0,True,11912,0,0,0.0,0.2102223972172367,False,STRESS
f02,PhysioNet,ACC,32.0,True,95208,0,0,0.0,22.16340772935295,False,STRESS
f01,PhysioNet,BVP,64.0,True,208153,0,0,0.0,35.327887778535306,False,STRESS
f01,PhysioNet,EDA,4.0,True,13008,0,0,0.0,0.29424358541901213,False,STRESS
f01,PhysioNet,TEMP,4.0,True,12992,0,0,0.0,0.878265903263097,False,STRESS
f01,PhysioNet,ACC,32.0,True,104070,0,0,0.0,14.815358873548831,False,STRESS
f15,PhysioNet,BVP,64.0,True,270072,0,0,0.0,45.0433948867352,False,STRESS
f15,PhysioNet,EDA,4.0,True,16878,0,0,0.0,2.090008941330344,False,STRESS
f15,PhysioNet,TEMP,4.0,True,16880,0,0,0.0,1.2257273011651724,False,STRESS
f15,PhysioNet,ACC,32.0,True,135042,0,0,0.0,20.137756097429314,False,STRESS
S08,PhysioNet,BVP,64.0,True,91443,0,0,0.0,30.42994932128592,False,STRESS
S08,PhysioNet,EDA,4.0,True,5712,0,0,0.0,0.3650633749444822,False,STRESS
S08,PhysioNet,TEMP,4.0,True,5712,0,0,0.0,0.24309890393384523,False,STRESS
S08,PhysioNet,ACC,32.0,True,45720,0,0,0.0,11.523350796577718,False,STRESS
S07,PhysioNet,BVP,64.0,True,91432,0,0,0.0,38.729925136447875,False,STRESS
S07,PhysioNet,EDA,4.0,True,5712,0,0,0.0,0.04043233154663284,False,STRESS
S07,PhysioNet,TEMP,4.0,True,5712,0,0,0.0,0.10919353286979577,False,STRESS
S07,PhysioNet,ACC,32.0,True,45714,0,0,0.0,7.600733254041496,False,STRESS
S15,PhysioNet,BVP,64.0,True,104533,0,0,0.0,69.13171634373388,False,STRESS
S15,PhysioNet,EDA,4.0,True,6534,0,0,0.0,0.9728263321604249,False,STRESS
S15,PhysioNet,TEMP,4.0,True,6528,0,0,0.0,0.7281690624581935,False,STRESS
S15,PhysioNet,ACC,32.0,True,52266,0,0,0.0,17.54062711634941,False,STRESS
S11,PhysioNet,BVP,64.0,True,89672,0,0,0.0,58.51159061661836,False,STRESS
S11,PhysioNet,EDA,4.0,True,5604,0,0,0.0,0.10305675002089762,False,STRESS
S11,PhysioNet,TEMP,4.0,True,5600,0,0,0.0,0.3444847361230778,False,STRESS
S11,PhysioNet,ACC,32.0,True,44838,0,0,0.0,15.424073000295003,False,STRESS
f09,PhysioNet,BVP,64.0,True,165792,0,0,0.0,83.07813631072888,False,AEROBIC
f09,PhysioNet,EDA,4.0,True,10368,0,0,0.0,2.5959234155662574,False,AEROBIC
f09,PhysioNet,TEMP,4.0,True,10360,0,0,0.0,2.047863233112209,False,AEROBIC
f09,PhysioNet,ACC,32.0,True,82908,0,0,0.0,23.429300408544027,False,AEROBIC
f08,PhysioNet,BVP,64.0,True,152944,0,0,0.0,96.66660795384348,False,AEROBIC
f08,PhysioNet,EDA,4.0,True,9558,0,0,0.0,2.394207393074299,False,AEROBIC
f08,PhysioNet,TEMP,4.0,True,9560,0,0,0.0,0.869599517795523,False,AEROBIC
f08,PhysioNet,ACC,32.0,True,76464,0,0,0.0,23.653481078945152,False,AEROBIC
f05,PhysioNet,BVP,64.0,True,196999,0,0,0.0,50.337071125426604,False,AEROBIC
f05,PhysioNet,EDA,4.0,True,12312,0,0,0.0,3.84214371432953,False,AEROBIC
f05,PhysioNet,TEMP,4.0,True,12296,0,0,0.0,0.5175006382361264,False,AEROBIC
f05,PhysioNet,ACC,32.0,True,98490,0,0,0.0,28.811005501574527,False,AEROBIC
f04,PhysioNet,BVP,64.0,True,161073,0,0,0.0,16.876493213160185,False,AEROBIC
f04,PhysioNet,EDA,4.0,True,10074,0,0,0.0,2.217300519932188,False,AEROBIC
f04,PhysioNet,TEMP,4.0,True,10072,0,0,0.0,0.8259643402566589,False,AEROBIC
f04,PhysioNet,ACC,32.0,True,80568,0,0,0.0,22.060444997029887,False,AEROBIC
S10,PhysioNet,BVP,64.0,True,130427,0,0,0.0,77.97059413681349,False,AEROBIC
S10,PhysioNet,EDA,4.0,True,8148,0,0,0.0,11.2037410391385,False,AEROBIC
S10,PhysioNet,TEMP,4.0,True,8152,0,0,0.0,0.42708903157698963,False,AEROBIC
S10,PhysioNet,ACC,32.0,True,65208,0,0,0.0,12.764756915277042,False,AEROBIC
f06,PhysioNet,BVP,64.0,True,173492,0,0,0.0,89.39573871514096,False,AEROBIC
f06,PhysioNet,EDA,4.0,True,10836,0,0,0.0,11.456516713579486,False,AEROBIC
f06,PhysioNet,TEMP,4.0,True,10848,0,0,0.0,0.6549079505895015,False,AEROBIC
f06,PhysioNet,ACC,32.0,True,86694,0,0,0.0,28.934158110473334,False,AEROBIC
S11_b,PhysioNet,BVP,64.0,True,19162,0,0,0.0,40.19027032950075,False,AEROBIC
S11_b,PhysioNet,EDA,4.0,True,1194,0,0,0.0,0.7661129912484681,False,AEROBIC
S11_b,PhysioNet,TEMP,4.0,True,1192,0,0,0.0,0.18113275766470804,False,AEROBIC
S11_b,PhysioNet,ACC,32.0,True,9576,0,0,0.0,10.456671524176796,False,AEROBIC
f13,PhysioNet,BVP,64.0,True,166441,0,0,0.0,148.1308277630452,False,AEROBIC
f13,PhysioNet,EDA,4.0,True,10386,0,0,0.0,10.006050494149,False,AEROBIC
f13,PhysioNet,TEMP,4.0,True,10400,0,0,0.0,0.9606709708071237,False,AEROBIC
f13,PhysioNet,ACC,32.0,True,83202,0,0,0.0,25.47891418141813,False,AEROBIC
S11_a,PhysioNet,BVP,64.0,True,103609,0,0,0.0,29.19539312478463,False,AEROBIC
S11_a,PhysioNet,EDA,4.0,True,6474,0,0,0.0,1.199411573423246,False,AEROBIC
S11_a,PhysioNet,TEMP,4.0,True,6472,0,0,0.0,0.4659741386497202,False,AEROBIC
S11_a,PhysioNet,ACC,32.0,True,51804,0,0,0.0,6.1473974769712685,False,AEROBIC
S09,PhysioNet,BVP,64.0,True,130405,0,0,0.0,32.804550540636825,False,AEROBIC
S09,PhysioNet,EDA,4.0,True,8148,0,0,0.0,4.531526393398211,False,AEROBIC
S09,PhysioNet,TEMP,4.0,True,8144,0,0,0.0,55.756441042433096,False,AEROBIC
S09,PhysioNet,ACC,32.0,True,65208,0,0,0.0,4.7791814803828965,False,AEROBIC
f07,PhysioNet,BVP,64.0,True,149314,0,0,0.0,60.21628122507189,False,AEROBIC
f07,PhysioNet,EDA,4.0,True,9324,0,0,0.0,4.047407483904869,False,AEROBIC
f07,PhysioNet,TEMP,4.0,True,9336,0,0,0.0,0.576566407031328,False,AEROBIC
f07,PhysioNet,ACC,32.0,True,74634,0,0,0.0,23.344041247154177,False,AEROBIC
S02,PhysioNet,BVP,64.0,True,130405,0,0,0.0,48.570026034959774,False,AEROBIC
S02,PhysioNet,EDA,4.0,True,8148,0,0,0.0,6.985571720236319,False,AEROBIC
S02,PhysioNet,TEMP,4.0,True,8144,0,0,0.0,0.7194380478244872,False,AEROBIC
S02,PhysioNet,ACC,32.0,True,65208,0,0,0.0,4.609630400168047,False,AEROBIC
S06,PhysioNet,BVP,64.0,True,132231,0,0,0.0,43.20699254530971,False,AEROBIC
S06,PhysioNet,EDA,4.0,True,8262,0,0,0.0,2.5021708948488515,False,AEROBIC
S06,PhysioNet,TEMP,4.0,True,8264,0,0,0.0,0.7036800918199907,False,AEROBIC
S06,PhysioNet,ACC,32.0,True,66120,0,0,0.0,15.180442591245276,False,AEROBIC
S01,PhysioNet,BVP,64.0,True,130570,0,0,0.0,46.853614031588485,False,AEROBIC
S01,PhysioNet,EDA,4.0,True,8160,0,0,0.0,4.9243898537554625,False,AEROBIC
S01,PhysioNet,TEMP,4.0,True,8160,0,0,0.0,2.0131585987677494,False,AEROBIC
S01,PhysioNet,ACC,32.0,True,65286,0,0,0.0,6.210068192000911,False,AEROBIC
S18,PhysioNet,BVP,64.0,True,130581,0,0,0.0,48.81039971857198,False,AEROBIC
S18,PhysioNet,EDA,4.0,True,8160,0,0,0.0,1.3974320102360858,False,AEROBIC
S18,PhysioNet,TEMP,4.0,True,8160,0,0,0.0,0.3913467580065649,False,AEROBIC
S18,PhysioNet,ACC,32.0,True,65292,0,0,0.0,5.664648364254432,False,AEROBIC
S03,PhysioNet,BVP,64.0,True,92037,0,0,0.0,120.9007006475672,False,AEROBIC
S03,PhysioNet,EDA,4.0,True,5748,0,0,0.0,8.661057326877797,False,AEROBIC
S03,PhysioNet,TEMP,4.0,True,5752,0,0,0.0,0.22304574293565715,False,AEROBIC
S03,PhysioNet,ACC,32.0,True,46020,0,0,0.0,7.780428714330551,False,AEROBIC
f03,PhysioNet,BVP,64.0,True,172590,0,0,0.0,120.86741479903503,False,AEROBIC
f03,PhysioNet,EDA,4.0,True,10776,0,0,0.0,2.6394418839585074,False,AEROBIC
f03,PhysioNet,TEMP,4.0,True,10792,0,0,0.0,0.8258388955595556,False,AEROBIC
f03,PhysioNet,ACC,32.0,True,86274,0,0,0.0,23.014674342303863,False,AEROBIC
f11,PhysioNet,BVP,64.0,True,122485,0,0,0.0,100.6232992677876,False,AEROBIC
f11,PhysioNet,EDA,4.0,True,7644,0,0,0.0,18.355528333168085,False,AEROBIC
f11,PhysioNet,TEMP,4.0,True,7656,0,0,0.0,0.7905587168375323,False,AEROBIC
f11,PhysioNet,ACC,32.0,True,61266,0,0,0.0,13.514782338314953,False,AEROBIC
S13,PhysioNet,BVP,64.0,True,133573,0,0,0.0,74.00165895984833,False,AEROBIC
S13,PhysioNet,EDA,4.0,True,8346,0,0,0.0,3.6950497018059036,False,AEROBIC
S13,PhysioNet,TEMP,4.0,True,8344,0,0,0.0,0.8736872471451451,False,AEROBIC
S13,PhysioNet,ACC,32.0,True,66786,0,0,0.0,10.953965153128626,False,AEROBIC
f12,PhysioNet,BVP,64.0,True,142835,0,0,0.0,67.51974753709686,False,AEROBIC
f12,PhysioNet,EDA,4.0,True,8922,0,0,0.0,2.8984898467416857,False,AEROBIC
f12,PhysioNet,TEMP,4.0,True,8952,0,0,0.0,0.7485825301606984,False,AEROBIC
f12,PhysioNet,ACC,32.0,True,71442,0,0,0.0,21.999256128885055,False,AEROBIC
f10,PhysioNet,BVP,64.0,True,166848,0,0,0.0,74.71666548942352,False,AEROBIC
f10,PhysioNet,EDA,4.0,True,10434,0,0,0.0,5.372091537204784,False,AEROBIC
f10,PhysioNet,TEMP,4.0,True,10432,0,0,0.0,0.7435289256817957,False,AEROBIC
f10,PhysioNet,ACC,32.0,True,83442,0,0,0.0,26.028596729711996,False,AEROBIC
S17,PhysioNet,BVP,64.0,True,130416,0,0,0.0,28.477971505599385,False,AEROBIC
S17,PhysioNet,EDA,4.0,True,8148,0,0,0.0,0.5729146570917245,False,AEROBIC
S17,PhysioNet,TEMP,4.0,True,8152,0,0,0.0,0.5894855523039305,False,AEROBIC
S17,PhysioNet,ACC,32.0,True,65208,0,0,0.0,14.297694627307871,False,AEROBIC
S04,PhysioNet,BVP,64.0,True,130570,0,0,0.0,125.02862742689284,False,AEROBIC
S04,PhysioNet,EDA,4.0,True,8160,0,0,0.0,17.734270242572613,False,AEROBIC
S04,PhysioNet,TEMP,4.0,True,8160,0,0,0.0,1.4401508887213665,False,AEROBIC
S04,PhysioNet,ACC,32.0,True,65286,0,0,0.0,12.612165061145475,False,AEROBIC
S16,PhysioNet,BVP,64.0,True,130735,0,0,0.0,36.77321231069381,False,AEROBIC
S16,PhysioNet,EDA,4.0,True,8172,0,0,0.0,5.359549484195215,False,AEROBIC
S16,PhysioNet,TEMP,4.0,True,8168,0,0,0.0,0.47433540657708995,False,AEROBIC
S16,PhysioNet,ACC,32.0,True,65364,0,0,0.0,7.850005345088564,False,AEROBIC
S05,PhysioNet,BVP,64.0,True,126577,0,0,0.0,90.57677986894328,False,AEROBIC
S05,PhysioNet,EDA,4.0,True,7908,0,0,0.0,3.4243185456972265,False,AEROBIC
S05,PhysioNet,TEMP,4.0,True,7912,0,0,0.0,0.9909687630756852,False,AEROBIC
S05,PhysioNet,ACC,32.0,True,63294,0,0,0.0,11.656933475812522,False,AEROBIC
S14,PhysioNet,BVP,64.0,True,139040,0,0,0.0,100.18703430998426,False,AEROBIC
S14,PhysioNet,EDA,4.0,True,8688,0,0,0.0,8.659610834462345,False,AEROBIC
S14,PhysioNet,TEMP,4.0,True,8688,0,0,0.0,0.84792145795151,False,AEROBIC
S14,PhysioNet,ACC,32.0,True,69522,0,0,0.0,10.334775923585212,False,AEROBIC
f02,PhysioNet,BVP,64.0,True,112442,0,0,0.0,38.005585335844586,False,AEROBIC
f02,PhysioNet,EDA,4.0,True,7020,0,0,0.0,1.0050859175212499,False,AEROBIC
f02,PhysioNet,TEMP,4.0,True,7016,0,0,0.0,0.47400354469848294,False,AEROBIC
f02,PhysioNet,ACC,32.0,True,56226,0,0,0.0,12.907761702549385,False,AEROBIC
f01,PhysioNet,BVP,64.0,True,172700,0,0,0.0,61.83973256155118,False,AEROBIC
f01,PhysioNet,EDA,4.0,True,10794,0,0,0.0,5.017367062309452,False,AEROBIC
f01,PhysioNet,TEMP,4.0,True,10792,0,0,0.0,0.6113047879169815,False,AEROBIC
f01,PhysioNet,ACC,32.0,True,86370,0,0,0.0,26.924425887511827,False,AEROBIC
S08,PhysioNet,BVP,64.0,True,129899,0,0,0.0,65.502219817962,False,AEROBIC
S08,PhysioNet,EDA,4.0,True,8118,0,0,0.0,13.592327678149243,False,AEROBIC
S08,PhysioNet,TEMP,4.0,True,8120,0,0,0.0,0.733565817800641,False,AEROBIC
S08,PhysioNet,ACC,32.0,True,64950,0,0,0.0,14.116931298820935,False,AEROBIC
S07,PhysioNet,BVP,64.0,True,107492,0,0,0.0,107.26644728159553,False,AEROBIC
S07,PhysioNet,EDA,4.0,True,6714,0,0,0.0,3.3812775851195322,False,AEROBIC
S07,PhysioNet,TEMP,4.0,True,6712,0,0,0.0,5.771780900669491,False,AEROBIC
S07,PhysioNet,ACC,32.0,True,53748,0,0,0.0,2.971406479157275,False,AEROBIC
S15,PhysioNet,BVP,64.0,True,130427,0,0,0.0,60.54155457064627,False,AEROBIC
S15,PhysioNet,EDA,4.0,True,8148,0,0,0.0,0.918885226418053,False,AEROBIC
S15,PhysioNet,TEMP,4.0,True,8152,0,0,0.0,0.7166092874266738,False,AEROBIC
S15,PhysioNet,ACC,32.0,True,65214,0,0,0.0,10.264699337242973,False,AEROBIC
f09,PhysioNet,BVP,64.0,True,114719,0,0,0.0,57.532866079433695,False,ANAEROBIC
f09,PhysioNet,EDA,4.0,True,7158,0,0,0.0,1.6156737450111154,False,ANAEROBIC
f09,PhysioNet,TEMP,4.0,True,7184,0,0,0.0,1.2845517701846074,False,ANAEROBIC
f09,PhysioNet,ACC,32.0,True,57342,0,0,0.0,27.641268375100548,False,ANAEROBIC
f08,PhysioNet,BVP,64.0,True,133771,0,0,0.0,90.82690087090964,False,ANAEROBIC
f08,PhysioNet,EDA,4.0,True,8346,0,0,0.0,5.971111505884087,False,ANAEROBIC
f08,PhysioNet,TEMP,4.0,True,8344,0,0,0.0,0.32012940930643236,False,ANAEROBIC
f08,PhysioNet,ACC,32.0,True,66882,0,0,0.0,24.640523128605846,False,ANAEROBIC
f05,PhysioNet,BVP,64.0,True,150821,0,0,0.0,65.30465197439241,False,ANAEROBIC
f05,PhysioNet,EDA,4.0,True,9432,0,0,0.0,0.6658417306923912,False,ANAEROBIC
f05,PhysioNet,TEMP,4.0,True,9424,0,0,0.0,0.6369580630559598,False,ANAEROBIC
f05,PhysioNet,ACC,32.0,True,75414,0,0,0.0,26.42652475378647,False,ANAEROBIC
f04,PhysioNet,BVP,64.0,True,92873,0,0,0.0,68.73902011881559,False,ANAEROBIC
f04,PhysioNet,EDA,4.0,True,5802,0,0,0.0,1.1625779875949696,False,ANAEROBIC
f04,PhysioNet,TEMP,4.0,True,5808,0,0,0.0,0.9686751643281523,False,ANAEROBIC
f04,PhysioNet,ACC,32.0,True,46452,0,0,0.0,28.207333808863087,False,ANAEROBIC
S10,PhysioNet,BVP,64.0,True,73590,0,0,0.0,47.568621217582525,False,ANAEROBIC
S10,PhysioNet,EDA,4.0,True,4596,0,0,0.0,12.595344101699895,False,ANAEROBIC
S10,PhysioNet,TEMP,4.0,True,4600,0,0,0.0,0.28310655201782015,False,ANAEROBIC
S10,PhysioNet,ACC,32.0,True,36792,0,0,0.0,14.032837855750095,False,ANAEROBIC
f06,PhysioNet,BVP,64.0,True,114367,0,0,0.0,84.88302197626378,False,ANAEROBIC
f06,PhysioNet,EDA,4.0,True,7134,0,0,0.0,3.213367699110715,False,ANAEROBIC
f06,PhysioNet,TEMP,4.0,True,7160,0,0,0.0,0.3630033550253412,False,ANAEROBIC
f06,PhysioNet,ACC,32.0,True,57162,0,0,0.0,20.33818198038247,False,ANAEROBIC
S12,PhysioNet,BVP,64.0,True,72589,0,0,0.0,95.36807607049732,False,ANAEROBIC
S12,PhysioNet,EDA,4.0,True,4536,0,0,0.0,3.5065906965697478,False,ANAEROBIC
S12,PhysioNet,TEMP,4.0,True,4536,0,0,0.0,1.3658033599071977,False,ANAEROBIC
S12,PhysioNet,ACC,32.0,True,36294,0,0,0.0,9.506176281665091,False,ANAEROBIC
f13,PhysioNet,BVP,64.0,True,181709,0,0,0.0,107.61409212558506,False,ANAEROBIC
f13,PhysioNet,EDA,4.0,True,11340,0,0,0.0,3.4053982184277753,False,ANAEROBIC
f13,PhysioNet,TEMP,4.0,True,11344,0,0,0.0,0.965849688355334,False,ANAEROBIC
f13,PhysioNet,ACC,32.0,True,90786,0,0,0.0,25.11791829926264,False,ANAEROBIC
S09,PhysioNet,BVP,64.0,True,73425,0,0,0.0,47.17962448216495,False,ANAEROBIC
S09,PhysioNet,EDA,4.0,True,4590,0,0,0.0,1.3036836119337194,False,ANAEROBIC
S09,PhysioNet,TEMP,4.0,True,4584,0,0,0.0,1.7216943748053108,False,ANAEROBIC
S09,PhysioNet,ACC,32.0,True,36708,0,0,0.0,5.346523869569523,False,ANAEROBIC
f07,PhysioNet,BVP,64.0,True,153263,0,0,0.0,65.32905192157787,False,ANAEROBIC
f07,PhysioNet,EDA,4.0,True,9588,0,0,0.0,0.6186500224403163,False,ANAEROBIC
f07,PhysioNet,TEMP,4.0,True,9576,0,0,0.0,0.35347142547732885,False,ANAEROBIC
f07,PhysioNet,ACC,32.0,True,76614,0,0,0.0,23.3203638399124,False,ANAEROBIC
S02,PhysioNet,BVP,64.0,True,71918,0,0,0.0,67.3490978338036,False,ANAEROBIC
S02,PhysioNet,EDA,4.0,True,4494,0,0,0.0,5.06023921181084,False,ANAEROBIC
S02,PhysioNet,TEMP,4.0,True,4496,0,0,0.0,51.531255732831184,False,ANAEROBIC
S02,PhysioNet,ACC,32.0,True,35964,0,0,0.0,5.315520216539535,False,ANAEROBIC
S06,PhysioNet,BVP,64.0,True,54153,0,0,0.0,68.50053420510338,False,ANAEROBIC
S06,PhysioNet,EDA,4.0,True,3384,0,0,0.0,4.721525606983717,False,ANAEROBIC
S06,PhysioNet,TEMP,4.0,True,3384,0,0,0.0,0.27261007156873895,False,ANAEROBIC
S06,PhysioNet,ACC,32.0,True,27072,0,0,0.0,9.76757143171673,False,ANAEROBIC
S01,PhysioNet,BVP,64.0,True,73249,0,0,0.0,59.210760833583244,False,ANAEROBIC
S01,PhysioNet,EDA,4.0,True,4578,0,0,0.0,3.3174215753788623,False,ANAEROBIC
S01,PhysioNet,TEMP,4.0,True,4576,0,0,0.0,0.48627221630280915,False,ANAEROBIC
S01,PhysioNet,ACC,32.0,True,36630,0,0,0.0,5.303085353712743,False,ANAEROBIC
S18,PhysioNet,BVP,64.0,True,73755,0,0,0.0,78.5405162349876,False,ANAEROBIC
S18,PhysioNet,EDA,4.0,True,4608,0,0,0.0,6.52955757965075,False,ANAEROBIC
S18,PhysioNet,TEMP,4.0,True,4608,0,0,0.0,0.8644603200177561,False,ANAEROBIC
S18,PhysioNet,ACC,32.0,True,36876,0,0,0.0,10.568291386679064,False,ANAEROBIC
S16_b,PhysioNet,BVP,64.0,True,43252,0,0,0.0,51.87109281683393,False,ANAEROBIC
S16_b,PhysioNet,EDA,4.0,True,2700,0,0,0.0,9.71383199294211,False,ANAEROBIC
S16_b,PhysioNet,TEMP,4.0,True,2704,0,0,0.0,0.43832198817431417,False,ANAEROBIC
S16_b,PhysioNet,ACC,32.0,True,21624,0,0,0.0,6.410724793822677,False,ANAEROBIC
S03,PhysioNet,BVP,64.0,True,80465,0,0,0.0,54.310532877051365,False,ANAEROBIC
S03,PhysioNet,EDA,4.0,True,5028,0,0,0.0,1.0350562753870343,False,ANAEROBIC
S03,PhysioNet,TEMP,4.0,True,5024,0,0,0.0,1.0221839918646685,False,ANAEROBIC
S03,PhysioNet,ACC,32.0,True,40236,0,0,0.0,9.824013910168324,False,ANAEROBIC
f03,PhysioNet,BVP,64.0,True,188276,0,0,0.0,99.01158397599764,False,ANAEROBIC
f03,PhysioNet,EDA,4.0,True,11766,0,0,0.0,4.718285490365532,False,ANAEROBIC
f03,PhysioNet,TEMP,4.0,True,11768,0,0,0.0,0.3372748580304441,False,ANAEROBIC
f03,PhysioNet,ACC,32.0,True,94080,0,0,0.0,27.390759734642476,False,ANAEROBIC
f11,PhysioNet,BVP,64.0,True,175846,0,0,0.0,29.552494305914113,False,ANAEROBIC
f11,PhysioNet,EDA,4.0,True,10992,0,0,0.0,5.35352650473596,False,ANAEROBIC
f11,PhysioNet,TEMP,4.0,True,11000,0,0,0.0,0.5750060633622305,False,ANAEROBIC
f11,PhysioNet,ACC,32.0,True,87918,0,0,0.0,21.020813533686532,False,ANAEROBIC
S13,PhysioNet,BVP,64.0,True,73425,0,0,0.0,44.82901714675447,False,ANAEROBIC
S13,PhysioNet,EDA,4.0,True,4590,0,0,0.0,1.13334178682898,False,ANAEROBIC
S13,PhysioNet,TEMP,4.0,True,4584,0,0,0.0,0.9544882366480607,False,ANAEROBIC
S13,PhysioNet,ACC,32.0,True,36708,0,0,0.0,7.069470416605419,False,ANAEROBIC
f12,PhysioNet,BVP,64.0,True,160039,0,0,0.0,72.06323172281976,False,ANAEROBIC
f12,PhysioNet,EDA,4.0,True,9996,0,0,0.0,5.667807562481034,False,ANAEROBIC
f12,PhysioNet,TEMP,4.0,True,10000,0,0,0.0,0.3781832569768058,False,ANAEROBIC
f12,PhysioNet,ACC,32.0,True,79986,0,0,0.0,23.134810223526184,False,ANAEROBIC
f10,PhysioNet,BVP,64.0,True,90343,0,0,0.0,91.55114309581026,False,ANAEROBIC
f10,PhysioNet,EDA,4.0,True,5652,0,0,0.0,4.747538091697785,False,ANAEROBIC
f10,PhysioNet,TEMP,4.0,True,5648,0,0,0.0,0.6717778715942525,False,ANAEROBIC
f10,PhysioNet,ACC,32.0,True,45162,0,0,0.0,22.188272675934417,False,ANAEROBIC
S17,PhysioNet,BVP,64.0,True,75086,0,0,0.0,61.74971755639874,False,ANAEROBIC
S17,PhysioNet,EDA,4.0,True,4692,0,0,0.0,11.844308897690015,False,ANAEROBIC
S17,PhysioNet,TEMP,4.0,True,4688,0,0,0.0,1.040358986405071,False,ANAEROBIC
S17,PhysioNet,ACC,32.0,True,37548,0,0,0.0,11.896530019445615,False,ANAEROBIC
S04,PhysioNet,BVP,64.0,True,74250,0,0,0.0,50.522170477084416,False,ANAEROBIC
S04,PhysioNet,EDA,4.0,True,4638,0,0,0.0,2.201623932386625,False,ANAEROBIC
S04,PhysioNet,TEMP,4.0,True,4640,0,0,0.0,1.2151814308120048,False,ANAEROBIC
S04,PhysioNet,ACC,32.0,True,37128,0,0,0.0,9.16407744797346,False,ANAEROBIC
S05,PhysioNet,BVP,64.0,True,72589,0,0,0.0,49.01080519578793,False,ANAEROBIC
S05,PhysioNet,EDA,4.0,True,4536,0,0,0.0,18.581407468304125,False,ANAEROBIC
S05,PhysioNet,TEMP,4.0,True,4536,0,0,0.0,84.46011972469225,False,ANAEROBIC
S05,PhysioNet,ACC,32.0,True,36294,0,0,0.0,12.14100681206805,False,ANAEROBIC
S14,PhysioNet,BVP,64.0,True,72094,0,0,0.0,58.86779826398694,False,ANAEROBIC
S14,PhysioNet,EDA,4.0,True,4506,0,0,0.0,3.345021558421999,False,ANAEROBIC
S14,PhysioNet,TEMP,4.0,True,4504,0,0,0.0,0.9748826516993035,False,ANAEROBIC
S14,PhysioNet,ACC,32.0,True,36042,0,0,0.0,10.795714270795619,False,ANAEROBIC
S16_a,PhysioNet,BVP,64.0,True,37664,0,0,0.0,55.42058287019289,False,ANAEROBIC
S16_a,PhysioNet,EDA,4.0,True,2352,0,0,0.0,2.056894207324342,False,ANAEROBIC
S16_a,PhysioNet,TEMP,4.0,True,2352,0,0,0.0,0.16427602515783932,False,ANAEROBIC
S16_a,PhysioNet,ACC,32.0,True,18834,0,0,0.0,8.528559562892797,False,ANAEROBIC
f02,PhysioNet,BVP,64.0,True,153098,0,0,0.0,63.46498652703408,False,ANAEROBIC
f02,PhysioNet,EDA,4.0,True,9570,0,0,0.0,3.0697727840413833,False,ANAEROBIC
f02,PhysioNet,TEMP,4.0,True,9552,0,0,0.0,0.4847586559240222,False,ANAEROBIC
f02,PhysioNet,ACC,32.0,True,76536,0,0,0.0,17.12123390154281,False,ANAEROBIC
f01,PhysioNet,BVP,64.0,True,167684,0,0,0.0,99.23670714851971,False,ANAEROBIC
f01,PhysioNet,EDA,4.0,True,10470,0,0,0.0,4.967156030665531,False,ANAEROBIC
f01,PhysioNet,TEMP,4.0,True,10480,0,0,0.0,0.5981280308337752,False,ANAEROBIC
f01,PhysioNet,ACC,32.0,True,83820,0,0,0.0,27.01901536899769,False,ANAEROBIC
S08,PhysioNet,BVP,64.0,True,76747,0,0,0.0,21.367655151814322,False,ANAEROBIC
S08,PhysioNet,EDA,4.0,True,4794,0,0,0.0,2.7422625986960436,False,ANAEROBIC
S08,PhysioNet,TEMP,4.0,True,4792,0,0,0.0,0.2656346964385649,False,ANAEROBIC
S08,PhysioNet,ACC,32.0,True,38376,0,0,0.0,7.031388406256931,False,ANAEROBIC
S07,PhysioNet,BVP,64.0,True,77253,0,0,0.0,46.583270800654866,False,ANAEROBIC
S07,PhysioNet,EDA,4.0,True,4824,0,0,0.0,0.14319852495378912,False,ANAEROBIC
S07,PhysioNet,TEMP,4.0,True,4824,0,0,0.0,1.6576365915376712,False,ANAEROBIC
S07,PhysioNet,ACC,32.0,True,38622,0,0,0.0,6.049983916093102,False,ANAEROBIC
S15,PhysioNet,BVP,64.0,True,74756,0,0,0.0,94.67272892786094,False,ANAEROBIC
S15,PhysioNet,EDA,4.0,True,4668,0,0,0.0,8.71900471780214,False,ANAEROBIC
S15,PhysioNet,TEMP,4.0,True,4672,0,0,0.0,1.3446295560748978,False,ANAEROBIC
S15,PhysioNet,ACC,32.0,True,37374,0,0,0.0,15.749992304112572,False,ANAEROBIC
S11,PhysioNet,BVP,64.0,True,76582,0,0,0.0,59.03673849620738,False,ANAEROBIC
S11,PhysioNet,EDA,4.0,True,4782,0,0,0.0,1.5385750941445016,False,ANAEROBIC
S11,PhysioNet,TEMP,4.0,True,4784,0,0,0.0,0.26199305691657393,False,ANAEROBIC
S11,PhysioNet,ACC,32.0,True,38292,0,0,0.0,6.828262856840957,False,ANAEROBIC
